BuyerRef;DeliveryDate;TotalPrice;PaymentDuration
1088;2012-01-01;24693;15
1078;2012-01-01;22215;20
1075;2012-01-02;19340;7
1091;2012-01-02;20646;6
1004;2012-01-02;21981;7
1068;2012-01-02;27150;7
1011;2012-01-02;18148;6
1077;2012-01-02;23999;11
1005;2012-01-02;23608;24
1017;2012-01-02;23007;26
1046;2012-01-02;18459;20
1019;2012-01-02;27523;24
1036;2012-01-03;20706;7
1096;2012-01-03;25467;5
1023;2012-01-03;19301;21
1092;2012-01-03;24665;11
1078;2012-01-03;27828;26
1077;2012-01-03;21067;17
1043;2012-01-03;25587;14
1017;2012-01-03;26453;25
1041;2012-01-03;23962;24
1040;2012-01-04;24401;5
1038;2012-01-04;20672;6
1084;2012-01-04;23709;6
1008;2012-01-04;26382;7
1035;2012-01-04;20972;16
1058;2012-01-04;18045;16
1045;2012-01-04;22854;16
1047;2012-01-04;25417;20
1013;2012-01-04;25689;16
1092;2012-01-04;19097;22
1048;2012-01-04;25683;24
1079;2012-01-04;27749;24
1094;2012-01-04;20996;15
1061;2012-01-04;18696;25
1041;2012-01-04;19564;23
1036;2012-01-05;27608;6
1011;2012-01-05;18221;5
1076;2012-01-05;24267;5
1027;2012-01-05;22214;6
1042;2012-01-05;19058;15
1065;2012-01-05;20416;13
1086;2012-01-05;27229;16
1054;2012-01-05;18248;12
1006;2012-01-05;20085;24
1036;2012-01-06;25347;5
1075;2012-01-06;18596;7
1038;2012-01-06;20587;5
1038;2012-01-06;26508;6
1091;2012-01-06;25216;6
1048;2012-01-06;18728;22
1039;2012-01-06;24930;19
1073;2012-01-06;22378;17
1097;2012-01-06;18963;18
1005;2012-01-06;21824;28
1096;2012-01-07;19572;7
1048;2012-01-07;26551;19
1065;2012-01-07;20289;20
1042;2012-01-07;25923;12
1058;2012-01-07;22856;22
1030;2012-01-07;27698;12
1052;2012-01-07;24955;15
1032;2012-01-07;20147;28
1024;2012-01-07;18401;19
1055;2012-01-07;19523;20
1095;2012-01-08;26556;6
1033;2012-01-08;25122;27
1099;2012-01-08;21357;17
1042;2012-01-08;23807;24
1080;2012-01-08;25419;20
1015;2012-01-08;25331;23
1015;2012-01-08;25085;22
1072;2012-01-08;23211;11
1019;2012-01-08;21851;25
1096;2012-01-09;18941;7
1010;2012-01-09;20191;7
1027;2012-01-09;27848;7
1096;2012-01-09;22744;6
1065;2012-01-09;20451;21
1097;2012-01-09;21411;21
1070;2012-01-09;26803;22
1018;2012-01-09;23863;26
1006;2012-01-09;25077;24
1057;2012-01-09;21692;24
1024;2012-01-09;27168;20
1085;2012-01-09;18438;25
1040;2012-01-10;20845;5
1093;2012-01-10;20687;6
1087;2012-01-10;26499;3
1093;2012-01-10;23413;6
1031;2012-01-10;22397;19
1029;2012-01-10;26365;19
1070;2012-01-10;22420;19
1083;2012-01-10;19947;17
1014;2012-01-10;24065;18
1035;2012-01-10;21401;18
1029;2012-01-10;21954;21
1018;2012-01-10;20721;8
1072;2012-01-10;27191;21
1080;2012-01-10;22633;20
1069;2012-01-10;19194;13
1017;2012-01-10;23015;22
1095;2012-01-11;27612;5
1068;2012-01-11;20994;7
1040;2012-01-11;27295;7
1027;2012-01-11;18869;7
1008;2012-01-11;18303;5
1027;2012-01-11;26411;4
1051;2012-01-11;18963;13
1060;2012-01-11;25933;20
1053;2012-01-11;20783;17
1031;2012-01-11;24666;19
1081;2012-01-11;25837;17
1032;2012-01-11;21556;24
1024;2012-01-11;25682;20
1057;2012-01-11;25914;29
1095;2012-01-12;23088;7
1096;2012-01-12;26392;6
1040;2012-01-12;24584;7
1011;2012-01-12;20854;7
1087;2012-01-12;25399;6
1079;2012-01-12;18807;21
1023;2012-01-12;24980;17
1039;2012-01-12;21416;15
1072;2012-01-12;25491;21
1003;2012-01-12;19162;26
1049;2012-01-12;19897;24
1032;2012-01-12;23418;27
1003;2012-01-12;25568;29
1057;2012-01-12;18272;24
1032;2012-01-12;19381;28
1091;2012-01-13;20392;5
1004;2012-01-13;20525;7
1040;2012-01-13;23287;6
1060;2012-01-13;18691;16
1013;2012-01-13;21136;15
1071;2012-01-13;26727;19
1020;2012-01-13;25028;23
1077;2012-01-13;22601;15
1058;2012-01-13;22912;20
1031;2012-01-13;19907;21
1023;2012-01-13;21289;22
1012;2012-01-13;24345;17
1034;2012-01-13;21460;14
1048;2012-01-13;26398;19
1067;2012-01-13;23373;14
1044;2012-01-13;27624;16
1055;2012-01-13;20453;22
1049;2012-01-13;23796;28
1040;2012-01-14;18782;4
1040;2012-01-14;27052;6
1027;2012-01-14;22512;7
1069;2012-01-14;19031;23
1089;2012-01-14;21555;13
1048;2012-01-14;26829;20
1043;2012-01-14;22000;13
1045;2012-01-14;27045;23
1048;2012-01-14;19701;23
1037;2012-01-14;18554;15
1019;2012-01-14;25944;26
1057;2012-01-14;18559;26
1024;2012-01-14;18628;28
1011;2012-01-15;20375;7
1040;2012-01-15;27553;6
1036;2012-01-15;23174;6
1025;2012-01-15;26586;5
1029;2012-01-15;21738;19
1007;2012-01-15;21473;17
1002;2012-01-15;23830;23
1006;2012-01-15;21805;26
1036;2012-01-16;27327;7
1011;2012-01-16;21287;7
1091;2012-01-16;26727;6
1011;2012-01-16;22509;7
1095;2012-01-16;26478;7
1068;2012-01-16;20722;5
1084;2012-01-16;23941;7
1024;2012-01-16;26614;28
1006;2012-01-16;27603;28
1008;2012-01-17;27701;7
1096;2012-01-17;24392;6
1040;2012-01-17;23324;5
1087;2012-01-17;26505;5
1015;2012-01-17;23607;23
1053;2012-01-17;27597;18
1064;2012-01-17;27684;17
1058;2012-01-17;26326;21
1012;2012-01-17;18562;15
1078;2012-01-17;23276;15
1078;2012-01-17;26378;19
1083;2012-01-17;26809;9
1097;2012-01-17;18149;13
1096;2012-01-18;27021;5
1068;2012-01-18;23823;7
1040;2012-01-18;22045;6
1095;2012-01-18;20060;5
1087;2012-01-18;21525;6
1091;2012-01-18;22866;6
1086;2012-01-18;23496;19
1078;2012-01-18;19794;10
1090;2012-01-18;26519;15
1026;2012-01-18;22395;23
1045;2012-01-18;23011;15
1059;2012-01-18;21525;21
1041;2012-01-18;25734;22
1003;2012-01-18;25178;24
1085;2012-01-18;26735;27
1057;2012-01-18;20087;29
1085;2012-01-18;21319;19
1027;2012-01-19;18461;6
1075;2012-01-19;18398;7
1076;2012-01-19;22128;7
1082;2012-01-19;27362;13
1067;2012-01-19;19939;9
1072;2012-01-19;27157;23
1051;2012-01-19;20506;15
1067;2012-01-19;26655;19
1065;2012-01-19;21467;29
1009;2012-01-19;21056;20
1006;2012-01-19;25207;25
1061;2012-01-19;22954;27
1076;2012-01-20;25125;5
1040;2012-01-20;18245;7
1084;2012-01-20;24123;7
1086;2012-01-20;27841;17
1089;2012-01-20;20304;17
1070;2012-01-20;27570;26
1039;2012-01-20;27424;23
1021;2012-01-20;21763;12
1006;2012-01-20;26212;25
1019;2012-01-20;22076;26
1003;2012-01-20;27523;25
1025;2012-01-21;27092;6
1027;2012-01-21;21198;5
1091;2012-01-21;21364;6
1036;2012-01-21;18179;7
1050;2012-01-21;22104;24
1054;2012-01-21;18306;20
1074;2012-01-21;18238;24
1048;2012-01-21;22458;17
1014;2012-01-21;24107;17
1005;2012-01-21;22885;23
1041;2012-01-21;20873;23
1049;2012-01-21;27071;22
1027;2012-01-22;22595;5
1011;2012-01-22;27462;7
1036;2012-01-22;23735;5
1034;2012-01-22;22902;17
1060;2012-01-22;26120;10
1098;2012-01-22;26208;16
1088;2012-01-22;19332;13
1077;2012-01-22;27988;14
1028;2012-01-22;22407;29
1058;2012-01-22;26824;23
1062;2012-01-22;26330;17
1003;2012-01-22;27233;24
1095;2012-01-23;19676;6
1087;2012-01-23;22625;7
1095;2012-01-23;18527;7
1040;2012-01-23;26433;5
1084;2012-01-23;27289;6
1045;2012-01-23;23419;22
1080;2012-01-23;27662;14
1062;2012-01-23;24085;13
1041;2012-01-23;25485;24
1061;2012-01-23;19370;21
1041;2012-01-23;23340;17
1087;2012-01-24;24322;7
1093;2012-01-24;19713;7
1091;2012-01-24;20083;7
1004;2012-01-24;23136;7
1095;2012-01-24;25941;6
1081;2012-01-24;18357;14
1077;2012-01-24;26954;8
1050;2012-01-24;24431;27
1063;2012-01-24;20105;18
1055;2012-01-24;21405;23
1010;2012-01-25;22038;6
1087;2012-01-25;19720;6
1015;2012-01-25;22576;24
1031;2012-01-25;20039;17
1033;2012-01-25;25528;17
1031;2012-01-25;27090;18
1054;2012-01-25;18523;14
1003;2012-01-25;20349;21
1024;2012-01-25;23372;23
1079;2012-01-26;25959;30
1066;2012-01-26;23283;19
1066;2012-01-26;23270;15
1065;2012-01-26;21436;25
1032;2012-01-26;21032;29
1027;2012-01-27;23131;7
1004;2012-01-27;23898;7
1068;2012-01-27;24080;6
1096;2012-01-27;21145;5
1036;2012-01-27;21336;7
1080;2012-01-27;24951;15
1069;2012-01-27;20487;18
1018;2012-01-27;18751;20
1022;2012-01-27;23800;20
1091;2012-01-28;20525;5
1087;2012-01-28;20887;7
1095;2012-01-28;22779;6
1040;2012-01-28;27766;5
1079;2012-01-28;21439;28
1065;2012-01-28;26603;13
1097;2012-01-28;25147;25
1046;2012-01-28;23329;25
1061;2012-01-28;24339;27
1041;2012-01-28;21239;27
1011;2012-01-29;21793;5
1084;2012-01-29;20517;4
1054;2012-01-29;24494;20
1086;2012-01-29;24377;17
1053;2012-01-29;23690;14
1048;2012-01-29;27345;18
1029;2012-01-29;22380;21
1031;2012-01-29;27526;8
1060;2012-01-29;23697;25
1082;2012-01-29;25065;13
1003;2012-01-29;27033;28
1006;2012-01-29;26705;22
1085;2012-01-29;24065;26
1057;2012-01-29;24075;28
1068;2012-01-30;19027;5
1084;2012-01-30;19566;6
1008;2012-01-30;20668;4
1045;2012-01-30;21180;14
1067;2012-01-30;19159;10
1080;2012-01-30;22332;22
1090;2012-01-30;26419;17
1039;2012-01-30;20574;22
1098;2012-01-30;20406;17
1055;2012-01-30;19560;33
1038;2012-01-31;26708;4
1084;2012-01-31;19682;4
1096;2012-01-31;25507;6
1008;2012-01-31;26816;6
1084;2012-01-31;19979;5
1087;2012-01-31;24435;6
1076;2012-01-31;23419;7
1025;2012-01-31;27951;6
1100;2012-01-31;19059;12
1013;2012-01-31;27768;12
1058;2012-01-31;22451;26
1031;2012-01-31;18511;21
1057;2012-01-31;25005;28
1041;2012-01-31;20114;28
1049;2012-01-31;26097;25
1036;2012-02-01;20686;2
1027;2012-02-01;25177;5
1042;2012-02-01;27128;15
1098;2012-02-01;20705;26
1097;2012-02-01;26181;23
1031;2012-02-01;24364;9
1056;2012-02-01;26516;9
1083;2012-02-01;18157;26
1094;2012-02-01;20672;16
1074;2012-02-01;18767;20
1013;2012-02-01;22376;18
1069;2012-02-01;27000;17
1017;2012-02-01;27123;27
1017;2012-02-01;21692;17
1027;2012-02-02;27483;6
1038;2012-02-02;26872;7
1008;2012-02-02;20422;7
1091;2012-02-02;22947;7
1036;2012-02-02;26784;3
1084;2012-02-02;24615;5
1021;2012-02-02;26485;15
1005;2012-02-02;21399;17
1094;2012-02-02;25046;21
1021;2012-02-02;26234;23
1002;2012-02-02;21234;15
1012;2012-02-02;18636;15
1016;2012-02-02;19771;27
1049;2012-02-02;24049;27
1046;2012-02-02;25326;23
1063;2012-02-02;26275;27
1038;2012-02-03;22781;5
1008;2012-02-03;18592;6
1075;2012-02-03;20803;4
1025;2012-02-03;18103;7
1075;2012-02-03;27447;4
1034;2012-02-03;24115;17
1052;2012-02-03;26754;17
1080;2012-02-03;20707;16
1077;2012-02-03;26077;18
1030;2012-02-03;19099;22
1060;2012-02-03;26710;19
1041;2012-02-03;19567;22
1032;2012-02-03;25026;29
1006;2012-02-03;24884;23
1017;2012-02-03;18752;30
1085;2012-02-03;24282;25
1004;2012-02-04;22520;7
1021;2012-02-04;27487;13
1083;2012-02-04;26602;20
1094;2012-02-04;25727;23
1086;2012-02-04;25232;16
1057;2012-02-04;25549;30
1024;2012-02-04;19714;25
1049;2012-02-04;21362;23
1006;2012-02-04;23342;25
1076;2012-02-05;21368;7
1010;2012-02-05;27962;6
1076;2012-02-05;19749;5
1068;2012-02-05;18880;6
1008;2012-02-05;19505;4
1027;2012-02-05;20999;6
1004;2012-02-05;27390;7
1001;2012-02-05;21407;14
1088;2012-02-05;26163;18
1035;2012-02-05;26912;15
1055;2012-02-05;25672;25
1075;2012-02-06;24356;6
1036;2012-02-06;23947;5
1027;2012-02-06;18900;7
1087;2012-02-06;19941;7
1091;2012-02-06;27108;6
1035;2012-02-06;25476;18
1016;2012-02-06;27984;17
1045;2012-02-06;27208;17
1042;2012-02-06;20523;17
1030;2012-02-06;26836;25
1079;2012-02-06;20094;21
1035;2012-02-06;20144;20
1006;2012-02-06;25987;13
1032;2012-02-06;19584;27
1055;2012-02-06;19921;27
1011;2012-02-07;18184;5
1004;2012-02-07;25150;6
1036;2012-02-07;26752;6
1038;2012-02-07;26530;5
1088;2012-02-07;19575;24
1047;2012-02-07;23830;22
1071;2012-02-07;20646;23
1097;2012-02-07;26297;11
1060;2012-02-07;23962;18
1092;2012-02-07;22280;19
1099;2012-02-07;21364;22
1006;2012-02-07;26319;25
1024;2012-02-07;24604;31
1032;2012-02-07;26674;24
1061;2012-02-07;22279;30
1025;2012-02-08;22422;6
1007;2012-02-08;24949;16
1067;2012-02-08;25051;16
1048;2012-02-08;20161;19
1098;2012-02-08;21934;18
1016;2012-02-08;24828;21
1006;2012-02-08;20955;25
1095;2012-02-09;27563;7
1027;2012-02-09;22987;7
1091;2012-02-09;20002;7
1036;2012-02-09;21962;3
1070;2012-02-09;20882;21
1058;2012-02-09;24146;18
1097;2012-02-09;20539;14
1015;2012-02-09;23478;18
1088;2012-02-09;23382;15
1035;2012-02-09;24219;18
1092;2012-02-09;22443;16
1048;2012-02-09;26672;19
1060;2012-02-09;19147;17
1092;2012-02-09;20329;17
1011;2012-02-10;18500;5
1027;2012-02-10;26302;5
1038;2012-02-10;18303;4
1075;2012-02-10;21069;6
1040;2012-02-10;26044;7
1025;2012-02-10;25432;5
1073;2012-02-10;24888;17
1099;2012-02-10;25374;21
1019;2012-02-10;20427;24
1041;2012-02-10;18233;28
1055;2012-02-10;26255;25
1027;2012-02-11;21217;5
1011;2012-02-11;23295;7
1095;2012-02-11;20915;7
1012;2012-02-11;19396;15
1052;2012-02-11;25243;22
1094;2012-02-11;18515;24
1037;2012-02-11;22086;21
1057;2012-02-11;19440;26
1061;2012-02-11;27486;19
1032;2012-02-11;18672;22
1068;2012-02-12;26179;7
1004;2012-02-12;24045;6
1036;2012-02-12;19017;6
1018;2012-02-12;27318;13
1005;2012-02-12;20693;18
1016;2012-02-12;21670;19
1076;2012-02-13;19792;6
1027;2012-02-13;21938;7
1081;2012-02-13;24645;17
1022;2012-02-13;25091;23
1012;2012-02-13;25419;20
1009;2012-02-13;20846;19
1053;2012-02-13;22644;16
1028;2012-02-13;22895;15
1018;2012-02-13;24023;15
1023;2012-02-13;23594;16
1022;2012-02-13;25074;17
1088;2012-02-13;26196;13
1080;2012-02-13;22259;14
1058;2012-02-13;25011;16
1024;2012-02-13;25854;25
1017;2012-02-13;18456;30
1041;2012-02-13;25968;29
1076;2012-02-14;19254;5
1087;2012-02-14;21121;7
1040;2012-02-14;21363;6
1068;2012-02-14;27196;7
1095;2012-02-14;20389;6
1060;2012-02-14;27890;22
1020;2012-02-14;27691;18
1005;2012-02-14;27819;22
1070;2012-02-14;26922;7
1051;2012-02-14;20463;15
1060;2012-02-14;22654;17
1066;2012-02-14;27828;18
1048;2012-02-14;19933;14
1024;2012-02-14;19930;22
1019;2012-02-14;21166;25
1024;2012-02-14;24082;25
1057;2012-02-14;23220;22
1017;2012-02-14;20170;24
1046;2012-02-14;25549;29
1027;2012-02-15;25205;6
1010;2012-02-15;27909;7
1091;2012-02-15;21560;5
1076;2012-02-15;21158;6
1081;2012-02-15;27116;15
1018;2012-02-15;27928;17
1080;2012-02-15;22145;18
1063;2012-02-15;18217;28
1019;2012-02-15;22652;26
1061;2012-02-15;23954;31
1096;2012-02-16;25800;6
1076;2012-02-16;18951;4
1009;2012-02-16;19360;21
1092;2012-02-16;20026;16
1031;2012-02-16;27645;20
1049;2012-02-16;21881;26
1024;2012-02-16;26601;21
1046;2012-02-16;21585;28
1046;2012-02-16;23438;25
1017;2012-02-16;25643;23
1004;2012-02-17;27966;6
1087;2012-02-17;20874;7
1050;2012-02-17;18393;19
1079;2012-02-17;26836;15
1069;2012-02-17;21674;24
1074;2012-02-17;27079;18
1034;2012-02-17;23318;20
1018;2012-02-17;24685;21
1029;2012-02-17;21577;20
1058;2012-02-17;25909;22
1007;2012-02-17;19163;11
1024;2012-02-17;25369;23
1055;2012-02-17;25465;25
1024;2012-02-17;19736;21
1091;2012-02-18;21815;7
1091;2012-02-18;26817;6
1047;2012-02-18;24868;21
1064;2012-02-18;19671;12
1060;2012-02-18;18818;18
1059;2012-02-18;27982;23
1067;2012-02-18;23708;15
1012;2012-02-18;18225;20
1097;2012-02-18;19991;15
1005;2012-02-18;20428;17
1049;2012-02-18;18246;19
1027;2012-02-19;23997;6
1091;2012-02-19;25911;5
1068;2012-02-19;21673;5
1010;2012-02-19;20003;6
1036;2012-02-19;27756;5
1052;2012-02-19;25321;17
1058;2012-02-19;21058;20
1035;2012-02-19;23873;12
1008;2012-02-20;24508;7
1076;2012-02-20;19944;6
1078;2012-02-20;26438;18
1016;2012-02-20;22465;18
1073;2012-02-20;25284;18
1074;2012-02-20;19885;16
1015;2012-02-20;20811;21
1067;2012-02-20;26633;21
1017;2012-02-20;27198;23
1075;2012-02-21;24490;7
1091;2012-02-21;25854;7
1093;2012-02-21;26951;5
1079;2012-02-21;19769;23
1034;2012-02-21;22488;14
1022;2012-02-21;19852;13
1026;2012-02-21;23205;17
1030;2012-02-21;22313;19
1041;2012-02-21;20058;24
1075;2012-02-22;24413;6
1011;2012-02-22;21201;5
1040;2012-02-22;25632;7
1096;2012-02-22;23230;6
1053;2012-02-22;20740;23
1066;2012-02-22;26747;13
1078;2012-02-22;20554;23
1067;2012-02-22;24459;24
1067;2012-02-22;20954;13
1061;2012-02-22;26711;25
1041;2012-02-22;21058;27
1041;2012-02-22;26352;27
1003;2012-02-22;27364;20
1095;2012-02-23;24899;6
1040;2012-02-23;23928;7
1095;2012-02-23;21483;6
1056;2012-02-23;26494;29
1098;2012-02-23;27992;13
1092;2012-02-23;23132;13
1014;2012-02-23;19943;18
1096;2012-02-24;27617;6
1038;2012-02-24;18985;7
1035;2012-02-24;20186;20
1064;2012-02-24;26931;24
1006;2012-02-24;24117;27
1032;2012-02-24;23637;17
1046;2012-02-24;25456;23
1006;2012-02-24;19364;25
1038;2012-02-25;23880;6
1095;2012-02-25;21458;5
1094;2012-02-25;23190;22
1058;2012-02-25;26133;24
1039;2012-02-25;27587;26
1052;2012-02-25;21979;10
1006;2012-02-25;19562;25
1055;2012-02-25;21655;24
1017;2012-02-25;25606;22
1084;2012-02-26;22677;7
1081;2012-02-26;18213;21
1089;2012-02-26;23043;19
1051;2012-02-26;25989;21
1061;2012-02-26;20260;24
1057;2012-02-26;22819;21
1063;2012-02-26;21121;30
1085;2012-02-26;23186;26
1046;2012-02-26;26562;23
1075;2012-02-27;22896;7
1076;2012-02-27;20172;7
1095;2012-02-27;23192;6
1068;2012-02-27;18512;7
1084;2012-02-27;25589;7
1029;2012-02-27;26225;31
1034;2012-02-27;19584;19
1044;2012-02-27;22400;15
1009;2012-02-27;27546;18
1072;2012-02-27;18300;11
1063;2012-02-27;21807;24
1041;2012-02-27;26595;26
1095;2012-02-28;22614;5
1042;2012-02-28;18136;18
1028;2012-02-28;20417;22
1037;2012-02-28;25028;23
1088;2012-02-28;27088;21
1091;2012-02-29;21616;6
1091;2012-02-29;18447;6
1009;2012-02-29;20382;23
1067;2012-02-29;18230;23
1072;2012-02-29;18583;17
1097;2012-02-29;23491;19
1041;2012-02-29;19047;24
1085;2012-02-29;25269;28
1061;2012-02-29;23129;24
1004;2012-03-01;25312;4
1011;2012-03-01;27922;6
1027;2012-03-01;18450;5
1094;2012-03-01;20109;17
1030;2012-03-01;23514;15
1064;2012-03-01;23217;19
1063;2012-03-01;27333;27
1095;2012-03-02;23024;6
1093;2012-03-02;26994;5
1054;2012-03-02;25997;18
1035;2012-03-02;21486;23
1059;2012-03-02;25399;24
1080;2012-03-02;26243;16
1028;2012-03-02;26909;16
1074;2012-03-02;18810;30
1072;2012-03-02;24493;15
1041;2012-03-02;19342;29
1061;2012-03-02;27210;21
1091;2012-03-03;22244;6
1093;2012-03-03;18186;7
1087;2012-03-03;19336;7
1076;2012-03-03;27418;7
1091;2012-03-03;22101;7
1030;2012-03-03;19763;11
1071;2012-03-03;20917;21
1059;2012-03-03;18195;20
1083;2012-03-03;25538;11
1070;2012-03-03;20849;22
1078;2012-03-03;20846;16
1079;2012-03-03;27651;18
1009;2012-03-03;24631;21
1009;2012-03-03;18642;16
1039;2012-03-03;18273;15
1056;2012-03-03;24944;19
1088;2012-03-03;27640;26
1057;2012-03-03;20166;22
1006;2012-03-03;26372;27
1041;2012-03-03;21831;27
1004;2012-03-04;23147;6
1045;2012-03-04;18412;14
1078;2012-03-04;23480;13
1037;2012-03-04;19986;13
1082;2012-03-04;20305;29
1067;2012-03-04;21041;21
1053;2012-03-04;24550;17
1057;2012-03-04;20776;26
1055;2012-03-04;22676;22
1019;2012-03-04;19966;29
1019;2012-03-04;19126;21
1040;2012-03-05;26835;7
1001;2012-03-05;19365;15
1083;2012-03-05;25872;15
1035;2012-03-05;26904;21
1034;2012-03-05;24514;23
1024;2012-03-05;24385;26
1075;2012-03-06;22237;6
1095;2012-03-06;24301;6
1068;2012-03-06;20435;6
1008;2012-03-06;24923;6
1068;2012-03-06;18797;4
1040;2012-03-06;21014;5
1013;2012-03-06;26698;13
1082;2012-03-06;20356;19
1055;2012-03-06;20261;26
1036;2012-03-07;22375;6
1091;2012-03-07;20728;6
1068;2012-03-07;27483;6
1077;2012-03-07;25248;15
1090;2012-03-07;26011;12
1034;2012-03-07;18348;16
1015;2012-03-07;20720;25
1026;2012-03-07;22568;23
1012;2012-03-07;24315;20
1047;2012-03-07;26503;20
1099;2012-03-07;26012;13
1042;2012-03-07;19566;13
1049;2012-03-07;19143;27
1010;2012-03-08;18276;5
1068;2012-03-08;27014;6
1093;2012-03-08;24653;6
1026;2012-03-08;26478;17
1012;2012-03-08;20744;19
1042;2012-03-08;18970;24
1048;2012-03-08;18615;17
1006;2012-03-08;23108;27
1055;2012-03-08;18401;28
1080;2012-03-09;19165;18
1099;2012-03-09;25235;21
1029;2012-03-09;27098;22
1054;2012-03-09;27992;18
1029;2012-03-09;21835;22
1057;2012-03-09;19885;21
1093;2012-03-10;23106;7
1093;2012-03-10;26744;6
1018;2012-03-10;23808;24
1023;2012-03-10;23329;19
1053;2012-03-10;21509;16
1029;2012-03-10;18185;15
1035;2012-03-10;25947;8
1056;2012-03-10;23586;15
1050;2012-03-10;26992;17
1049;2012-03-10;26156;19
1055;2012-03-10;23723;28
1032;2012-03-10;23763;21
1055;2012-03-10;20498;26
1025;2012-03-11;22127;5
1091;2012-03-11;26179;6
1008;2012-03-11;25855;5
1005;2012-03-11;19600;18
1056;2012-03-11;25705;18
1070;2012-03-11;27991;29
1039;2012-03-11;26481;20
1014;2012-03-11;23477;14
1083;2012-03-11;27998;26
1094;2012-03-11;23789;14
1046;2012-03-11;23719;28
1049;2012-03-11;24083;25
1093;2012-03-12;27674;6
1064;2012-03-12;19237;22
1088;2012-03-12;24530;15
1048;2012-03-12;27466;14
1052;2012-03-12;26053;22
1066;2012-03-12;19199;17
1082;2012-03-12;21914;19
1062;2012-03-12;27870;22
1049;2012-03-12;22513;23
1041;2012-03-12;26058;27
1036;2012-03-13;19180;5
1010;2012-03-13;24606;5
1011;2012-03-13;23180;7
1008;2012-03-13;24894;6
1087;2012-03-13;24163;7
1060;2012-03-13;20595;17
1028;2012-03-13;21964;13
1067;2012-03-13;26981;18
1050;2012-03-13;21197;23
1035;2012-03-13;18556;10
1049;2012-03-13;23616;28
1003;2012-03-13;18171;19
1025;2012-03-14;23143;7
1093;2012-03-14;22008;6
1093;2012-03-14;22590;7
1010;2012-03-14;25342;6
1096;2012-03-14;26313;3
1098;2012-03-14;26900;10
1074;2012-03-14;24708;18
1034;2012-03-14;26268;27
1001;2012-03-14;21157;16
1045;2012-03-14;22264;20
1034;2012-03-14;26482;16
1063;2012-03-14;25210;27
1024;2012-03-14;24496;28
1049;2012-03-14;23734;24
1091;2012-03-15;25681;6
1076;2012-03-15;23945;6
1075;2012-03-15;26108;6
1095;2012-03-15;18321;4
1090;2012-03-15;23670;20
1081;2012-03-15;25334;18
1047;2012-03-15;26025;11
1016;2012-03-15;21494;10
1019;2012-03-15;25779;25
1057;2012-03-15;22722;25
1095;2012-03-16;25703;6
1076;2012-03-16;22394;7
1052;2012-03-16;22091;13
1067;2012-03-16;25696;14
1097;2012-03-16;18016;13
1054;2012-03-16;20142;18
1097;2012-03-16;25616;19
1060;2012-03-16;18181;15
1026;2012-03-16;21345;17
1098;2012-03-16;20087;16
1053;2012-03-16;25853;22
1085;2012-03-16;27683;20
1024;2012-03-16;20175;24
1019;2012-03-16;27969;26
1075;2012-03-17;18936;7
1025;2012-03-17;26245;6
1090;2012-03-17;22877;24
1072;2012-03-17;19670;15
1064;2012-03-17;19557;19
1022;2012-03-17;26525;16
1086;2012-03-17;20265;17
1021;2012-03-17;22365;17
1078;2012-03-17;21806;12
1030;2012-03-17;18713;28
1098;2012-03-17;25498;26
1037;2012-03-17;21305;18
1057;2012-03-17;22159;25
1055;2012-03-17;26460;29
1011;2012-03-18;27779;7
1093;2012-03-18;22640;6
1015;2012-03-18;24315;16
1026;2012-03-18;19751;18
1039;2012-03-18;24631;24
1055;2012-03-18;19125;26
1055;2012-03-18;21656;24
1003;2012-03-18;24274;20
1010;2012-03-19;21962;6
1008;2012-03-19;21801;6
1093;2012-03-19;26678;6
1038;2012-03-19;22498;6
1053;2012-03-19;21725;15
1020;2012-03-19;26653;18
1053;2012-03-19;20797;29
1048;2012-03-19;20840;10
1006;2012-03-19;19265;25
1032;2012-03-19;21427;24
1019;2012-03-19;21754;21
1057;2012-03-19;26995;30
1061;2012-03-19;25704;21
1095;2012-03-20;21628;5
1038;2012-03-20;22722;6
1039;2012-03-20;22962;25
1060;2012-03-20;26848;17
1065;2012-03-20;21021;12
1061;2012-03-20;26304;22
1057;2012-03-20;26172;29
1055;2012-03-20;23740;26
1049;2012-03-20;20043;26
1024;2012-03-20;21142;27
1091;2012-03-21;23207;5
1038;2012-03-21;27429;7
1011;2012-03-21;21999;6
1095;2012-03-21;27722;4
1029;2012-03-21;25228;22
1050;2012-03-21;26895;17
1015;2012-03-21;26416;22
1043;2012-03-21;19933;17
1029;2012-03-21;26349;18
1090;2012-03-21;18403;14
1035;2012-03-21;24710;14
1051;2012-03-21;19226;20
1032;2012-03-21;18616;28
1032;2012-03-21;18454;28
1019;2012-03-21;26423;22
1068;2012-03-22;20529;5
1087;2012-03-22;25711;6
1095;2012-03-22;21149;6
1038;2012-03-22;26150;7
1097;2012-03-22;23279;14
1020;2012-03-22;23797;13
1033;2012-03-22;26521;18
1064;2012-03-22;23610;19
1090;2012-03-22;22675;24
1029;2012-03-22;22019;8
1065;2012-03-22;20828;18
1017;2012-03-22;20164;27
1049;2012-03-22;27509;19
1057;2012-03-22;19771;23
1008;2012-03-23;19395;6
1084;2012-03-23;23618;7
1087;2012-03-23;24577;6
1058;2012-03-23;18522;19
1023;2012-03-23;19057;17
1035;2012-03-23;21845;18
1005;2012-03-23;20890;15
1061;2012-03-23;21761;27
1046;2012-03-23;25416;28
1032;2012-03-23;25180;26
1063;2012-03-23;25385;30
1024;2012-03-23;21129;22
1025;2012-03-24;22419;6
1038;2012-03-24;25721;4
1084;2012-03-24;24847;7
1008;2012-03-24;25014;5
1087;2012-03-24;22883;6
1036;2012-03-24;23951;5
1084;2012-03-24;24414;5
1098;2012-03-24;24041;24
1046;2012-03-24;18610;29
1087;2012-03-25;20789;6
1067;2012-03-25;23733;16
1020;2012-03-25;21777;19
1015;2012-03-25;26860;20
1024;2012-03-25;21174;29
1085;2012-03-25;18760;29
1091;2012-03-26;20422;6
1093;2012-03-26;27807;7
1092;2012-03-26;26181;21
1060;2012-03-26;26700;20
1071;2012-03-26;26520;23
1034;2012-03-26;19067;19
1043;2012-03-26;19414;17
1058;2012-03-26;25619;12
1032;2012-03-26;22040;27
1040;2012-03-27;18564;7
1040;2012-03-27;22875;6
1002;2012-03-27;23634;15
1007;2012-03-27;24803;16
1043;2012-03-27;23379;27
1056;2012-03-27;22000;17
1049;2012-03-27;20773;29
1063;2012-03-27;23998;24
1006;2012-03-27;21769;27
1061;2012-03-27;19289;29
1061;2012-03-27;27637;20
1075;2012-03-28;21447;5
1050;2012-03-28;26362;15
1038;2012-03-29;20595;6
1087;2012-03-29;25029;6
1025;2012-03-29;26331;7
1011;2012-03-29;26579;7
1036;2012-03-29;25092;5
1025;2012-03-29;18175;6
1064;2012-03-29;18494;16
1054;2012-03-29;20160;21
1043;2012-03-29;23771;26
1002;2012-03-29;19517;19
1078;2012-03-29;26548;15
1053;2012-03-29;20312;14
1057;2012-03-29;23283;24
1041;2012-03-29;18379;28
1027;2012-03-30;27346;6
1075;2012-03-30;20009;7
1038;2012-03-30;23776;7
1013;2012-03-30;20219;18
1062;2012-03-30;27800;23
1015;2012-03-30;23237;20
1099;2012-03-30;19766;15
1031;2012-03-30;26767;29
1007;2012-03-30;18727;31
1072;2012-03-30;18203;16
1019;2012-03-30;21521;21
1096;2012-03-31;18426;6
1038;2012-03-31;23400;6
1040;2012-03-31;21245;5
1079;2012-03-31;25172;14
1016;2012-03-31;24260;24
1037;2012-03-31;25076;27
1017;2012-03-31;27751;23
1063;2012-03-31;18687;23
1075;2012-04-01;21984;4
1008;2012-04-01;19193;6
1025;2012-04-01;18688;5
1068;2012-04-01;24022;6
1075;2012-04-01;18088;7
1014;2012-04-01;19919;18
1028;2012-04-01;19427;15
1089;2012-04-01;20563;17
1059;2012-04-01;23078;25
1088;2012-04-01;25052;19
1024;2012-04-01;24237;24
1024;2012-04-01;21546;31
1091;2012-04-02;18759;7
1058;2012-04-02;23034;12
1077;2012-04-02;22849;29
1081;2012-04-02;22963;21
1032;2012-04-02;19913;24
1008;2012-04-03;26363;5
1010;2012-04-03;24280;6
1040;2012-04-03;21129;6
1038;2012-04-03;24723;4
1029;2012-04-03;27094;18
1066;2012-04-03;19535;28
1070;2012-04-03;27062;14
1022;2012-04-03;22339;17
1055;2012-04-03;22876;27
1041;2012-04-03;19277;24
1061;2012-04-03;21078;28
1095;2012-04-04;20563;7
1099;2012-04-04;21678;16
1002;2012-04-04;20303;11
1083;2012-04-04;23920;16
1020;2012-04-04;25184;12
1023;2012-04-04;25789;26
1031;2012-04-04;22434;22
1082;2012-04-04;25333;23
1044;2012-04-04;24390;17
1052;2012-04-04;26223;11
1046;2012-04-04;18808;22
1093;2012-04-05;18736;7
1027;2012-04-05;27940;7
1027;2012-04-05;23364;7
1065;2012-04-05;22293;17
1044;2012-04-05;22474;16
1092;2012-04-05;24010;14
1018;2012-04-05;27308;22
1073;2012-04-05;21420;25
1022;2012-04-05;23868;18
1006;2012-04-05;22535;28
1093;2012-04-06;23768;4
1068;2012-04-06;19936;5
1075;2012-04-06;21888;7
1075;2012-04-06;25053;6
1087;2012-04-06;18225;6
1053;2012-04-06;22503;13
1029;2012-04-06;21354;15
1086;2012-04-06;22034;21
1017;2012-04-06;21184;21
1061;2012-04-06;27074;23
1057;2012-04-06;21087;21
1075;2012-04-07;22112;6
1036;2012-04-07;24701;6
1010;2012-04-07;24569;5
1002;2012-04-07;19770;18
1072;2012-04-07;25115;19
1098;2012-04-07;18244;17
1012;2012-04-07;27400;20
1022;2012-04-07;20534;11
1003;2012-04-07;25689;23
1041;2012-04-07;22381;27
1093;2012-04-08;22304;4
1056;2012-04-08;26108;14
1021;2012-04-08;22179;22
1080;2012-04-08;24123;17
1099;2012-04-08;22936;14
1051;2012-04-08;20258;13
1041;2012-04-08;25805;20
1046;2012-04-08;24114;18
1038;2012-04-09;23516;7
1093;2012-04-09;18876;6
1010;2012-04-09;24567;7
1040;2012-04-09;19223;6
1087;2012-04-09;24529;6
1010;2012-04-09;24525;7
1033;2012-04-09;26619;20
1062;2012-04-09;27804;15
1033;2012-04-09;22053;21
1060;2012-04-09;20351;18
1099;2012-04-09;19361;22
1031;2012-04-09;18203;24
1053;2012-04-09;26303;16
1016;2012-04-09;19972;13
1024;2012-04-09;26003;23
1087;2012-04-10;26733;7
1091;2012-04-10;27387;6
1075;2012-04-10;24784;6
1005;2012-04-10;23554;18
1016;2012-04-10;23652;15
1052;2012-04-10;25383;22
1005;2012-04-10;22901;21
1071;2012-04-10;26638;15
1089;2012-04-10;19557;22
1009;2012-04-10;25170;17
1061;2012-04-10;27901;29
1032;2012-04-10;25490;21
1055;2012-04-10;27190;26
1017;2012-04-10;25077;30
1019;2012-04-10;18075;23
1011;2012-04-11;20315;6
1036;2012-04-11;21822;5
1040;2012-04-11;22210;6
1068;2012-04-11;22759;5
1095;2012-04-11;20524;5
1004;2012-04-11;18906;7
1070;2012-04-11;25145;19
1078;2012-04-11;25904;23
1013;2012-04-11;21730;22
1079;2012-04-11;26324;18
1073;2012-04-11;21040;21
1061;2012-04-11;21671;22
1068;2012-04-12;24474;3
1036;2012-04-12;22604;7
1025;2012-04-12;21931;6
1030;2012-04-12;24609;18
1062;2012-04-12;22054;15
1052;2012-04-12;25758;16
1083;2012-04-12;26858;10
1067;2012-04-12;24653;17
1051;2012-04-12;25993;18
1092;2012-04-12;23202;15
1006;2012-04-12;25725;20
1041;2012-04-12;18490;28
1085;2012-04-12;19952;17
1036;2012-04-13;23504;7
1038;2012-04-13;25444;7
1075;2012-04-13;24638;6
1096;2012-04-13;20885;5
1045;2012-04-13;21328;23
1005;2012-04-13;18301;16
1058;2012-04-13;26454;14
1012;2012-04-13;27431;14
1042;2012-04-13;23403;15
1022;2012-04-13;18239;21
1099;2012-04-13;24222;18
1015;2012-04-13;23924;25
1019;2012-04-13;21198;25
1076;2012-04-14;20825;4
1040;2012-04-14;25669;5
1010;2012-04-14;27692;6
1008;2012-04-14;20124;7
1028;2012-04-14;22536;22
1031;2012-04-14;27771;17
1090;2012-04-14;24193;14
1022;2012-04-14;18215;22
1069;2012-04-14;21028;17
1061;2012-04-14;24086;25
1017;2012-04-14;27275;27
1017;2012-04-14;21048;27
1095;2012-04-15;26053;7
1075;2012-04-15;18276;6
1004;2012-04-15;27876;7
1035;2012-04-15;19500;9
1029;2012-04-15;25399;14
1077;2012-04-15;20100;13
1026;2012-04-15;22687;15
1073;2012-04-15;27605;24
1061;2012-04-15;27176;23
1057;2012-04-15;20789;26
1027;2012-04-16;24527;6
1004;2012-04-16;23088;6
1091;2012-04-16;19556;7
1075;2012-04-16;22325;6
1058;2012-04-16;23043;17
1082;2012-04-16;21070;19
1079;2012-04-16;20398;18
1018;2012-04-16;20484;18
1098;2012-04-16;20726;17
1033;2012-04-16;25870;16
1049;2012-04-16;22777;28
1061;2012-04-16;22803;19
1003;2012-04-16;18898;24
1006;2012-04-16;22855;32
1006;2012-04-16;25632;24
1036;2012-04-17;22942;6
1096;2012-04-17;23419;7
1091;2012-04-17;23681;5
1075;2012-04-17;24348;6
1027;2012-04-17;26827;6
1076;2012-04-17;19471;6
1038;2012-04-17;23465;7
1056;2012-04-17;23001;23
1051;2012-04-17;20528;12
1059;2012-04-17;23604;10
1062;2012-04-17;27675;12
1099;2012-04-17;27827;24
1024;2012-04-17;19398;18
1055;2012-04-17;18720;29
1027;2012-04-18;27335;6
1068;2012-04-18;21767;7
1027;2012-04-18;27480;6
1002;2012-04-18;20106;19
1021;2012-04-18;19608;23
1003;2012-04-18;22379;20
1085;2012-04-18;24943;27
1063;2012-04-18;27045;26
1045;2012-04-19;25758;26
1013;2012-04-19;18595;21
1098;2012-04-19;21684;17
1014;2012-04-19;20162;19
1081;2012-04-19;26173;18
1014;2012-04-19;23619;17
1044;2012-04-19;24909;26
1014;2012-04-19;22315;19
1057;2012-04-19;27095;24
1046;2012-04-19;19030;24
1093;2012-04-20;18383;6
1084;2012-04-20;27401;6
1008;2012-04-20;24087;7
1066;2012-04-20;21437;17
1099;2012-04-20;21689;13
1073;2012-04-20;21625;20
1030;2012-04-20;24265;14
1014;2012-04-20;21778;13
1028;2012-04-20;25196;30
1034;2012-04-20;24727;17
1024;2012-04-20;23973;26
1027;2012-04-21;26474;7
1027;2012-04-21;19966;6
1031;2012-04-21;26918;12
1044;2012-04-21;19430;20
1021;2012-04-21;23284;19
1098;2012-04-21;18403;14
1063;2012-04-21;18911;24
1041;2012-04-21;24697;25
1061;2012-04-21;24846;28
1032;2012-04-21;27456;27
1025;2012-04-22;18309;4
1082;2012-04-22;20640;16
1050;2012-04-22;19009;15
1044;2012-04-22;24507;14
1048;2012-04-22;26808;11
1041;2012-04-22;23339;21
1003;2012-04-22;26866;28
1055;2012-04-22;25158;26
1036;2012-04-23;27790;6
1025;2012-04-23;19716;7
1030;2012-04-23;20802;17
1078;2012-04-23;23006;19
1045;2012-04-23;20646;17
1032;2012-04-23;20917;23
1006;2012-04-23;25953;20
1057;2012-04-23;18007;22
1027;2012-04-24;22182;7
1091;2012-04-24;25543;7
1025;2012-04-24;18249;6
1074;2012-04-24;24809;23
1098;2012-04-24;23356;17
1012;2012-04-24;21757;18
1063;2012-04-24;22872;22
1055;2012-04-24;25350;20
1003;2012-04-24;22787;28
1027;2012-04-25;22066;7
1010;2012-04-25;21241;7
1008;2012-04-25;24427;5
1011;2012-04-25;23928;6
1091;2012-04-25;20792;7
1088;2012-04-25;22196;16
1034;2012-04-25;20311;25
1028;2012-04-25;23056;10
1035;2012-04-25;26953;12
1074;2012-04-25;20754;17
1082;2012-04-25;25891;20
1050;2012-04-25;22662;32
1046;2012-04-25;27453;25
1036;2012-04-26;23259;7
1095;2012-04-26;25518;6
1033;2012-04-26;21997;19
1001;2012-04-26;23200;16
1090;2012-04-26;27958;18
1056;2012-04-26;22535;19
1002;2012-04-26;21775;23
1014;2012-04-26;27261;15
1043;2012-04-26;22354;24
1061;2012-04-26;18428;24
1006;2012-04-26;22203;28
1093;2012-04-27;24995;5
1016;2012-04-27;26792;18
1059;2012-04-27;25504;22
1044;2012-04-27;24715;20
1058;2012-04-27;24935;19
1072;2012-04-27;26526;23
1068;2012-04-28;24257;7
1038;2012-04-28;18257;7
1068;2012-04-28;18930;5
1048;2012-04-28;22491;22
1051;2012-04-28;19116;19
1100;2012-04-28;20490;14
1059;2012-04-28;19207;13
1086;2012-04-28;20557;12
1017;2012-04-28;24981;26
1017;2012-04-28;19148;24
1055;2012-04-28;23858;27
1032;2012-04-28;20654;28
1095;2012-04-29;23935;5
1087;2012-04-29;22402;6
1072;2012-04-29;25688;10
1058;2012-04-29;22262;21
1045;2012-04-29;20319;22
1025;2012-04-30;27124;5
1011;2012-04-30;18164;6
1011;2012-04-30;24982;6
1084;2012-04-30;27080;7
1036;2012-04-30;20879;7
1080;2012-04-30;24416;18
1045;2012-04-30;23482;14
1059;2012-04-30;18436;21
1013;2012-04-30;22589;20
1062;2012-04-30;20596;15
1024;2012-04-30;25909;27
1027;2012-05-01;25848;6
1095;2012-05-01;18398;7
1068;2012-05-01;20571;5
1074;2012-05-01;22393;17
1028;2012-05-01;20501;17
1063;2012-05-01;27627;32
1036;2012-05-02;25588;7
1097;2012-05-02;18154;24
1029;2012-05-02;20661;18
1060;2012-05-02;23269;17
1081;2012-05-02;20994;16
1028;2012-05-02;18068;19
1049;2012-05-02;21810;33
1055;2012-05-02;21093;24
1084;2012-05-03;27115;6
1026;2012-05-03;26667;22
1062;2012-05-03;24764;23
1062;2012-05-03;23108;16
1033;2012-05-03;27230;24
1045;2012-05-03;22621;21
1097;2012-05-03;20879;20
1077;2012-05-03;18836;23
1032;2012-05-03;26679;33
1057;2012-05-03;23457;29
1055;2012-05-03;23225;30
1006;2012-05-03;20323;24
1087;2012-05-04;21196;6
1060;2012-05-04;25039;17
1070;2012-05-04;27446;19
1051;2012-05-04;24077;14
1050;2012-05-04;19195;23
1072;2012-05-04;18269;27
1048;2012-05-04;18617;22
1070;2012-05-04;27271;16
1037;2012-05-04;21728;20
1042;2012-05-04;26264;9
1035;2012-05-04;24406;22
1089;2012-05-04;26116;22
1019;2012-05-04;21940;29
1057;2012-05-04;27108;24
1006;2012-05-04;23177;24
1019;2012-05-04;19953;23
1004;2012-05-05;22819;7
1087;2012-05-05;18511;6
1036;2012-05-05;19811;5
1010;2012-05-05;25734;7
1091;2012-05-05;26622;7
1051;2012-05-05;21301;19
1043;2012-05-05;19398;22
1028;2012-05-05;22560;21
1016;2012-05-05;18012;12
1006;2012-05-05;25526;28
1010;2012-05-06;20555;7
1008;2012-05-06;22222;7
1068;2012-05-06;22669;6
1011;2012-05-06;25915;5
1075;2012-05-06;20032;7
1091;2012-05-06;26894;6
1075;2012-05-06;24626;5
1022;2012-05-06;18932;24
1048;2012-05-06;27056;22
1034;2012-05-06;22308;18
1033;2012-05-06;25949;15
1064;2012-05-06;23972;23
1002;2012-05-06;20550;19
1020;2012-05-06;22667;21
1086;2012-05-06;25050;12
1001;2012-05-06;24371;15
1033;2012-05-06;24893;14
1012;2012-05-06;22486;16
1046;2012-05-06;21070;24
1061;2012-05-06;26758;28
1017;2012-05-06;26707;25
1017;2012-05-06;24065;24
1025;2012-05-07;22356;6
1008;2012-05-07;19474;7
1095;2012-05-07;19606;6
1027;2012-05-07;21854;6
1081;2012-05-07;26500;19
1067;2012-05-07;19336;23
1035;2012-05-07;27858;19
1033;2012-05-07;23531;21
1018;2012-05-07;23175;13
1049;2012-05-07;26411;28
1036;2012-05-08;19149;6
1075;2012-05-08;20808;5
1038;2012-05-08;20135;7
1091;2012-05-08;24191;6
1079;2012-05-08;25090;15
1031;2012-05-08;20444;23
1098;2012-05-08;19098;15
1030;2012-05-08;20394;14
1046;2012-05-08;24269;28
1019;2012-05-08;22960;25
1091;2012-05-09;23083;6
1084;2012-05-09;27252;7
1068;2012-05-09;18273;2
1068;2012-05-09;27376;5
1022;2012-05-09;21520;15
1028;2012-05-09;22744;19
1035;2012-05-09;24991;20
1089;2012-05-09;18725;17
1033;2012-05-09;19824;19
1099;2012-05-09;18930;16
1063;2012-05-09;25166;25
1032;2012-05-09;18624;27
1038;2012-05-10;18442;7
1075;2012-05-10;21602;5
1011;2012-05-10;22741;6
1054;2012-05-10;27377;16
1018;2012-05-10;24014;24
1022;2012-05-10;27508;25
1072;2012-05-10;22584;18
1039;2012-05-10;25147;24
1018;2012-05-10;21802;14
1031;2012-05-10;21942;25
1005;2012-05-10;19471;17
1017;2012-05-10;27137;21
1010;2012-05-11;27009;7
1008;2012-05-11;24036;6
1093;2012-05-11;21218;7
1007;2012-05-11;20488;23
1072;2012-05-11;21533;21
1030;2012-05-11;26272;21
1098;2012-05-11;27625;14
1008;2012-05-12;21386;4
1087;2012-05-12;18029;5
1025;2012-05-12;25245;7
1095;2012-05-12;24614;6
1008;2012-05-12;19442;7
1040;2012-05-12;27000;3
1025;2012-05-12;20509;7
1073;2012-05-12;26625;15
1018;2012-05-12;22182;22
1015;2012-05-12;21758;15
1089;2012-05-12;25119;24
1015;2012-05-12;23188;18
1024;2012-05-12;23522;26
1084;2012-05-13;19332;6
1084;2012-05-13;22391;6
1025;2012-05-13;18233;7
1073;2012-05-13;25502;19
1074;2012-05-13;19725;17
1023;2012-05-13;24047;22
1015;2012-05-13;26517;26
1072;2012-05-13;23567;20
1002;2012-05-13;24384;12
1090;2012-05-13;19791;11
1006;2012-05-13;24935;24
1076;2012-05-14;25705;7
1002;2012-05-14;23291;28
1067;2012-05-14;26685;17
1043;2012-05-14;22026;13
1030;2012-05-14;20455;13
1097;2012-05-14;23960;17
1071;2012-05-14;19097;18
1062;2012-05-14;21041;27
1008;2012-05-15;20663;6
1025;2012-05-15;23458;7
1076;2012-05-15;24529;7
1038;2012-05-15;24817;5
1095;2012-05-15;26660;5
1045;2012-05-15;21271;25
1047;2012-05-15;22478;18
1031;2012-05-15;27363;14
1026;2012-05-15;22460;21
1079;2012-05-15;23481;13
1042;2012-05-15;24733;16
1043;2012-05-15;22062;22
1060;2012-05-15;24824;18
1085;2012-05-15;19371;21
1096;2012-05-16;21568;7
1093;2012-05-16;25169;6
1065;2012-05-16;19111;18
1054;2012-05-16;22276;17
1021;2012-05-16;24399;14
1056;2012-05-16;23945;17
1060;2012-05-16;27054;12
1039;2012-05-16;27214;16
1029;2012-05-16;27379;17
1099;2012-05-16;18368;13
1055;2012-05-16;18400;23
1061;2012-05-16;27422;26
1075;2012-05-17;23057;4
1093;2012-05-17;20759;5
1084;2012-05-17;21783;7
1011;2012-05-17;25631;6
1087;2012-05-17;20042;7
1031;2012-05-17;25855;12
1053;2012-05-17;24162;14
1051;2012-05-17;24072;21
1067;2012-05-17;26764;18
1088;2012-05-17;20445;18
1018;2012-05-17;25046;15
1047;2012-05-17;27703;21
1006;2012-05-17;21689;25
1046;2012-05-17;18751;23
1027;2012-05-18;19155;7
1004;2012-05-18;23230;5
1075;2012-05-18;27820;7
1011;2012-05-18;25320;6
1076;2012-05-18;26866;6
1015;2012-05-18;25778;22
1005;2012-05-18;27292;17
1026;2012-05-18;21585;20
1046;2012-05-18;20830;28
1032;2012-05-18;23174;26
1008;2012-05-19;23066;6
1051;2012-05-19;19876;22
1053;2012-05-19;27266;22
1062;2012-05-19;22147;12
1048;2012-05-19;26689;18
1030;2012-05-19;20426;27
1089;2012-05-19;22681;19
1001;2012-05-19;21536;19
1055;2012-05-19;26835;26
1032;2012-05-19;25455;26
1010;2012-05-20;25220;5
1096;2012-05-20;24600;6
1008;2012-05-20;19681;7
1093;2012-05-20;18727;5
1060;2012-05-20;23430;25
1097;2012-05-20;23722;23
1037;2012-05-20;27187;24
1082;2012-05-20;20573;20
1026;2012-05-20;19285;17
1089;2012-05-20;22758;17
1007;2012-05-20;18241;21
1060;2012-05-20;26736;13
1012;2012-05-20;22461;22
1048;2012-05-20;27626;19
1042;2012-05-20;23917;23
1063;2012-05-20;20208;25
1085;2012-05-20;27844;26
1027;2012-05-21;22650;6
1038;2012-05-21;21340;7
1037;2012-05-21;21767;29
1020;2012-05-21;26664;21
1090;2012-05-21;23085;16
1050;2012-05-21;26277;26
1095;2012-05-22;19931;6
1045;2012-05-22;24600;18
1050;2012-05-22;27570;16
1055;2012-05-22;26894;15
1055;2012-05-22;22550;23
1068;2012-05-23;23906;6
1025;2012-05-23;23143;6
1075;2012-05-23;22082;7
1011;2012-05-23;23591;7
1074;2012-05-23;19515;15
1037;2012-05-23;18307;20
1009;2012-05-23;27371;15
1099;2012-05-23;25945;26
1037;2012-05-23;23061;21
1018;2012-05-23;23621;27
1041;2012-05-23;27508;27
1055;2012-05-23;19412;23
1032;2012-05-23;20273;25
1017;2012-05-23;21019;29
1040;2012-05-24;21789;6
1040;2012-05-24;23203;5
1027;2012-05-24;19758;7
1091;2012-05-24;23439;7
1081;2012-05-24;26116;16
1073;2012-05-24;25385;16
1054;2012-05-24;23689;18
1094;2012-05-24;26911;16
1022;2012-05-24;27764;21
1063;2012-05-24;26745;26
1068;2012-05-25;18851;7
1095;2012-05-25;18661;6
1075;2012-05-25;24590;7
1011;2012-05-25;27149;7
1097;2012-05-25;23834;25
1050;2012-05-25;27761;25
1037;2012-05-25;19490;15
1081;2012-05-25;25878;12
1022;2012-05-25;21718;22
1009;2012-05-25;25649;21
1086;2012-05-25;22747;17
1002;2012-05-25;19382;19
1041;2012-05-25;26751;28
1055;2012-05-25;22357;22
1055;2012-05-25;21277;28
1096;2012-05-26;26504;6
1084;2012-05-26;18167;7
1040;2012-05-26;20473;7
1025;2012-05-26;25162;7
1008;2012-05-26;26672;6
1038;2012-05-26;22477;7
1096;2012-05-26;19275;3
1068;2012-05-26;26909;7
1051;2012-05-26;26594;16
1074;2012-05-26;26674;26
1047;2012-05-26;25614;16
1017;2012-05-26;19776;24
1068;2012-05-27;19662;4
1087;2012-05-27;27582;6
1040;2012-05-27;25933;7
1025;2012-05-27;19404;7
1050;2012-05-27;18141;23
1020;2012-05-27;20797;17
1066;2012-05-27;18905;18
1092;2012-05-27;20090;24
1066;2012-05-27;19144;14
1085;2012-05-27;20760;26
1032;2012-05-27;23251;24
1003;2012-05-27;19678;26
1019;2012-05-27;25737;27
1046;2012-05-27;22698;25
1087;2012-05-28;27514;5
1053;2012-05-28;26033;17
1062;2012-05-28;22979;19
1077;2012-05-28;25434;17
1059;2012-05-28;24248;24
1074;2012-05-28;23961;17
1038;2012-05-29;23277;6
1039;2012-05-29;21005;20
1069;2012-05-29;25587;13
1022;2012-05-29;22760;10
1066;2012-05-29;19810;17
1028;2012-05-29;18694;22
1002;2012-05-29;24912;15
1080;2012-05-29;20181;14
1095;2012-05-30;23700;6
1096;2012-05-30;20199;6
1011;2012-05-30;18585;7
1008;2012-05-30;24982;6
1097;2012-05-30;22326;17
1067;2012-05-30;21507;16
1067;2012-05-30;22428;22
1016;2012-05-30;21064;15
1028;2012-05-30;27836;16
1086;2012-05-30;18391;16
1002;2012-05-30;24798;13
1037;2012-05-30;27251;24
1056;2012-05-30;18234;21
1095;2012-05-31;19862;7
1068;2012-05-31;20994;6
1084;2012-05-31;22422;6
1077;2012-05-31;25817;20
1066;2012-05-31;27526;17
1100;2012-05-31;19632;8
1042;2012-05-31;20775;10
1029;2012-05-31;19425;17
1066;2012-05-31;18509;16
1030;2012-05-31;26283;17
1098;2012-05-31;24045;21
1046;2012-05-31;22193;29
1040;2012-06-01;21526;5
1084;2012-06-01;19218;6
1009;2012-06-01;27581;21
1071;2012-06-01;22809;17
1081;2012-06-01;20305;21
1023;2012-06-01;25215;14
1050;2012-06-01;19464;21
1052;2012-06-01;18294;21
1057;2012-06-01;23710;26
1063;2012-06-01;19209;32
1049;2012-06-01;19534;24
1087;2012-06-02;19190;7
1027;2012-06-02;26345;7
1027;2012-06-02;22709;7
1013;2012-06-02;24990;23
1001;2012-06-02;24286;17
1090;2012-06-02;27428;19
1046;2012-06-02;18696;24
1027;2012-06-03;23882;6
1076;2012-06-03;23875;5
1008;2012-06-03;20084;5
1084;2012-06-03;20325;7
1091;2012-06-03;20682;5
1084;2012-06-03;19956;6
1067;2012-06-03;25749;26
1069;2012-06-03;24589;13
1062;2012-06-03;21276;16
1012;2012-06-03;27074;14
1063;2012-06-03;23072;24
1075;2012-06-04;24263;5
1091;2012-06-04;23012;6
1008;2012-06-04;24690;5
1011;2012-06-04;24680;7
1070;2012-06-04;21087;15
1060;2012-06-04;24824;18
1041;2012-06-04;25893;25
1057;2012-06-04;20681;18
1016;2012-06-05;18884;24
1097;2012-06-05;22701;23
1037;2012-06-05;27305;19
1046;2012-06-05;18739;22
1017;2012-06-05;25057;27
1055;2012-06-05;23889;24
1019;2012-06-05;24771;25
1027;2012-06-06;19623;6
1036;2012-06-06;27154;5
1095;2012-06-06;21523;7
1027;2012-06-06;23255;5
1036;2012-06-06;18361;6
1027;2012-06-06;18779;6
1098;2012-06-06;23344;22
1094;2012-06-06;27117;15
1072;2012-06-06;24274;10
1078;2012-06-06;23154;20
1029;2012-06-06;21238;22
1012;2012-06-06;19772;12
1086;2012-06-06;18373;20
1057;2012-06-06;22901;19
1055;2012-06-06;23025;29
1032;2012-06-06;20103;25
1024;2012-06-06;23515;22
1038;2012-06-07;25087;6
1038;2012-06-07;24880;5
1013;2012-06-07;21709;19
1088;2012-06-07;19504;14
1064;2012-06-07;21897;15
1060;2012-06-07;24117;15
1074;2012-06-07;23298;16
1064;2012-06-07;19770;27
1071;2012-06-07;22621;17
1003;2012-06-07;19574;24
1061;2012-06-07;26948;28
1057;2012-06-07;23032;25
1061;2012-06-07;27422;28
1040;2012-06-08;19418;7
1008;2012-06-08;20106;7
1075;2012-06-08;21085;7
1093;2012-06-08;22167;5
1076;2012-06-08;23074;5
1094;2012-06-08;24165;21
1097;2012-06-08;23672;17
1082;2012-06-08;19723;17
1018;2012-06-08;20975;22
1065;2012-06-08;20955;23
1041;2012-06-08;26775;24
1046;2012-06-08;23580;26
1076;2012-06-09;27997;6
1093;2012-06-09;19805;7
1010;2012-06-09;21936;5
1074;2012-06-09;24687;19
1023;2012-06-09;26112;19
1047;2012-06-09;25061;29
1016;2012-06-09;27073;10
1060;2012-06-09;18029;20
1092;2012-06-09;21203;17
1049;2012-06-09;23215;25
1010;2012-06-10;19682;7
1091;2012-06-10;23123;7
1038;2012-06-10;22493;6
1043;2012-06-10;22186;12
1051;2012-06-10;27940;16
1083;2012-06-10;20821;12
1061;2012-06-10;23034;30
1041;2012-06-10;24500;28
1055;2012-06-10;21925;27
1049;2012-06-10;23097;27
1093;2012-06-11;25075;6
1068;2012-06-11;19675;7
1068;2012-06-11;20250;7
1076;2012-06-11;19001;5
1039;2012-06-11;27812;12
1013;2012-06-11;20423;21
1090;2012-06-11;25037;9
1033;2012-06-11;25754;18
1069;2012-06-11;24626;17
1035;2012-06-11;20038;20
1026;2012-06-11;20783;21
1030;2012-06-11;27543;14
1049;2012-06-11;26971;25
1027;2012-06-12;26735;7
1025;2012-06-12;20949;2
1040;2012-06-12;22919;7
1075;2012-06-12;27262;6
1100;2012-06-12;25472;17
1070;2012-06-12;18337;16
1065;2012-06-12;19022;12
1058;2012-06-12;27466;17
1073;2012-06-12;22592;14
1021;2012-06-12;19024;22
1062;2012-06-12;19133;18
1006;2012-06-12;26186;30
1011;2012-06-13;23775;6
1076;2012-06-13;21602;7
1031;2012-06-13;22320;14
1094;2012-06-13;20997;23
1066;2012-06-13;20340;22
1082;2012-06-13;21117;15
1015;2012-06-13;18797;18
1029;2012-06-13;20954;17
1015;2012-06-13;24262;19
1012;2012-06-13;26770;14
1032;2012-06-13;20321;30
1017;2012-06-13;26244;25
1046;2012-06-13;18613;27
1024;2012-06-13;20657;24
1024;2012-06-13;23975;26
1027;2012-06-14;25327;7
1091;2012-06-14;25505;5
1096;2012-06-14;23641;7
1077;2012-06-14;27343;22
1072;2012-06-14;19326;16
1071;2012-06-14;19409;21
1073;2012-06-14;21929;18
1019;2012-06-14;24486;26
1075;2012-06-15;21324;7
1008;2012-06-15;21830;6
1087;2012-06-15;21932;7
1091;2012-06-15;27345;6
1044;2012-06-15;27750;16
1048;2012-06-15;21411;18
1034;2012-06-15;23645;17
1097;2012-06-15;21370;17
1012;2012-06-15;20873;14
1016;2012-06-15;19565;15
1013;2012-06-15;18243;21
1017;2012-06-15;20741;29
1024;2012-06-15;25697;23
1091;2012-06-16;25218;7
1093;2012-06-16;18546;7
1058;2012-06-16;22668;23
1077;2012-06-16;18244;21
1005;2012-06-16;19262;23
1047;2012-06-16;21891;15
1072;2012-06-16;21390;21
1046;2012-06-16;24955;24
1019;2012-06-16;22113;27
1085;2012-06-16;27132;27
1057;2012-06-16;20334;28
1093;2012-06-17;22992;6
1076;2012-06-17;21035;5
1010;2012-06-17;26172;7
1073;2012-06-17;19862;18
1035;2012-06-17;23913;19
1083;2012-06-17;26762;16
1020;2012-06-17;20702;21
1032;2012-06-17;27050;23
1061;2012-06-17;23341;22
1057;2012-06-17;25120;24
1061;2012-06-17;22672;30
1055;2012-06-17;26208;24
1046;2012-06-17;25683;29
1003;2012-06-17;21890;30
1006;2012-06-17;27710;25
1046;2012-06-17;18841;30
1025;2012-06-18;20018;7
1068;2012-06-18;20993;7
1095;2012-06-18;20143;6
1075;2012-06-18;18527;5
1062;2012-06-18;21444;16
1007;2012-06-18;24271;18
1045;2012-06-18;22972;25
1031;2012-06-18;23441;16
1024;2012-06-18;25377;23
1085;2012-06-18;20814;25
1027;2012-06-19;18804;6
1091;2012-06-19;21278;6
1087;2012-06-19;19165;4
1054;2012-06-19;20771;20
1044;2012-06-19;21823;11
1077;2012-06-19;24967;21
1016;2012-06-19;25117;16
1064;2012-06-19;26628;16
1059;2012-06-19;18219;17
1079;2012-06-19;23256;17
1045;2012-06-19;18639;10
1019;2012-06-19;21295;28
1085;2012-06-19;27781;21
1068;2012-06-20;24664;6
1040;2012-06-20;22060;7
1075;2012-06-20;23837;7
1099;2012-06-20;20484;16
1088;2012-06-20;23262;19
1050;2012-06-20;24520;17
1065;2012-06-20;20013;22
1039;2012-06-20;25205;17
1012;2012-06-20;27036;21
1064;2012-06-20;27704;12
1060;2012-06-20;27166;28
1041;2012-06-20;23271;19
1046;2012-06-20;25431;23
1041;2012-06-20;25688;26
1076;2012-06-21;22894;5
1084;2012-06-21;22939;5
1010;2012-06-21;18050;6
1010;2012-06-21;23622;7
1011;2012-06-21;27775;6
1038;2012-06-21;24850;6
1065;2012-06-21;18367;19
1071;2012-06-21;21706;22
1078;2012-06-21;19797;26
1082;2012-06-21;18806;19
1037;2012-06-21;20463;15
1023;2012-06-21;27985;23
1096;2012-06-22;20387;4
1036;2012-06-22;22514;6
1040;2012-06-22;25714;7
1010;2012-06-22;21303;4
1008;2012-06-22;18970;7
1007;2012-06-22;22746;14
1056;2012-06-22;22493;15
1030;2012-06-22;27662;15
1018;2012-06-22;27557;12
1003;2012-06-22;25316;26
1036;2012-06-23;25688;4
1091;2012-06-23;19960;5
1076;2012-06-23;22031;6
1036;2012-06-23;26242;7
1036;2012-06-23;21499;6
1038;2012-06-23;23291;7
1008;2012-06-23;19809;6
1028;2012-06-23;22999;23
1073;2012-06-23;22987;20
1069;2012-06-23;19442;19
1030;2012-06-23;26592;18
1073;2012-06-23;25686;20
1088;2012-06-23;24500;29
1073;2012-06-23;19388;16
1071;2012-06-23;24655;19
1049;2012-06-23;21074;30
1025;2012-06-24;20320;5
1004;2012-06-24;18344;6
1008;2012-06-24;23557;6
1004;2012-06-24;26941;4
1070;2012-06-24;26036;22
1048;2012-06-24;22257;9
1012;2012-06-24;21529;25
1035;2012-06-24;26553;13
1059;2012-06-24;21327;18
1053;2012-06-24;19157;13
1057;2012-06-24;24578;25
1061;2012-06-24;25286;24
1055;2012-06-24;24140;20
1017;2012-06-24;23280;32
1040;2012-06-25;27674;6
1073;2012-06-25;20463;14
1051;2012-06-25;21204;17
1059;2012-06-25;26075;17
1095;2012-06-26;21117;5
1025;2012-06-26;22610;5
1099;2012-06-26;24846;16
1099;2012-06-26;23680;10
1005;2012-06-26;22309;21
1039;2012-06-26;20264;22
1092;2012-06-26;23482;12
1003;2012-06-26;25722;18
1004;2012-06-27;22309;6
1036;2012-06-27;26906;7
1038;2012-06-27;18045;5
1071;2012-06-27;23968;22
1088;2012-06-27;27585;16
1033;2012-06-27;23847;15
1031;2012-06-27;24777;14
1060;2012-06-27;22732;15
1046;2012-06-27;25342;25
1061;2012-06-27;23954;28
1096;2012-06-28;25966;7
1011;2012-06-28;21077;5
1043;2012-06-28;27545;20
1090;2012-06-28;20617;16
1078;2012-06-28;22307;24
1055;2012-06-28;22957;23
1024;2012-06-28;27057;28
1055;2012-06-28;20319;26
1061;2012-06-28;26280;26
1019;2012-06-28;23502;20
1038;2012-06-29;27589;7
1025;2012-06-29;25112;7
1062;2012-06-29;27397;19
1002;2012-06-29;19685;19
1050;2012-06-29;19158;18
1047;2012-06-29;22855;19
1094;2012-06-29;24915;16
1026;2012-06-29;21480;14
1060;2012-06-29;19308;18
1093;2012-06-30;25978;6
1088;2012-06-30;23629;15
1002;2012-06-30;24527;17
